Business Name,Link,Description
10 Resor Terbaik di Indonesia,https://www.tripadvisor.co.id/Hotels-g294225-zff8-Indonesia-Hotels.html,Resor di Indonesia · 1. Padma Resort Ubud · 2. Mulia Resort · 3. Ramayana Suites · 4. The Anvaya Beach Resort Bali · 5. Padma Resort Legian · 6. Adiwana Resort ...
The world's best resorts,https://www.booking.com/resorts/index.html,resorts. Good availability and great rates for resorts. Read property reviews and choose the best deal for your stay.
Luxury Hotels & Resorts in Indonesia - Aman,https://www.aman.com/destinations/country/indonesia,"Discover Aman hotels & resorts in Indonesia with properties in Bali and Java, as well as our flagship private yacht near Komodo Island."
Parador Hotels & Resorts: Home,https://parador-hotels.com/,"Pesan langsung sekarang dan nikmati jaminan harga terbaik di seluruh unit hotel Parador Hotels & Resorts, serta dapatkan keuntungan lainnya."
Luxury Beach Resort in Bali,https://www.ayana.com/bali/ayana-resort-and-spa/,"AYANA Resort Bali is the award-winning beach resort featuring rooms, suites and villas with ocean views. Book direct with us to get more benefits!"
Four Seasons Hotels and Resorts | Luxury Hotels | Four ...,https://www.fourseasons.com/,"Discover luxury hotels and resorts worldwide with Four Seasons Hotels and Resorts. Plan your dream vacation, wedding, or business trip in style."
THE 10 BEST Indonesia Luxury Resorts 2024 (with Prices),https://www.tripadvisor.com/HotelsList-Indonesia-Luxury-Resorts-zfp7789600.html,Indonesia Luxury Resorts · 1. Padma Resort Ubud · 2. Mulia Resort · 3. Padma Resort Legian · 4. The Seminyak Beach Resort & Spa · 5. The ...
Moritz Hotels & Resorts,https://www.moritzhotels.com/,Why Choose Moritz · BEST LOWEST PRICE GUARANTEE · SECURE ONLINE TRANSACTION · BOOK DIRECT & GET MORE OFFERS · EARNS POINT FOR M-ACCESS HOLDER ...
"Aman Resorts, Hotels & Residences – Explore Luxury ...",https://www.aman.com/,"Explore the world of Aman. 35 luxury resorts, hotels & private residences in 20 countries. Book accommodation, experiences & journeys of discovery with ..."
