Business Name,Link,Description,Phone Number
Buy Watches for Men Online at the Best Price,https://www.titan.co.in/shop/watches-for-men?srsltid=AfmBOoocywPDORtQHG1mz6eP05B1g6_IP7h3O9StmX399rGCLilJrnh2,Mens Watches - Buy Watches for Men Online at the best price in India. Explore the wide variety of stylish collection of wrist watches at Titan.,Phone number not found
Men's Watches Showcase: Stylish and Functional ...,https://justintime.in/collections/mens-watches?srsltid=AfmBOopOJgC_gayNXhH4duRloEKr6bc2mCtIcNkkTemk2eU-EGdcOfmf,Explore the Men's Watches Showcase featuring sleek designs and innovative features for the modern man. Find your perfect accessory for any occasion.,Phone number not found
Buy Wrist Watches for Men & Women Online,https://www.myntra.com/watches,"Watches - Choose from new collection of Watches Online in India. Buy Wrist Watches for men, women & kids at best price from Myntra Online store.",Phone number not found
Affordable Watches Online at Best Prices for Men - Flipkart,https://www.flipkart.com/watches/pr?sid=r18,"These various products are offered online by brands like Fossil, CASIO, Lois Caron, Timex, Fastrack, and others. So, if you are on the lookout for models with a ...",Phone number not found
Premium Watches | Buy Watches Online For Men ... - Helios,https://www.helioswatchstore.com/watches,"We have every kind of watch you can dream of, from digital watches, analog watches, and chronograph watches to sports watches, luxury watches, and premium ...",Phone number not found
"Buy Authentic, Branded, Best Priced Watches & Smart ...",https://www.amazon.in/Watches/b?ie=UTF8&node=1350387031,"Watches & smart watches: Buy mens, womens and kids watches, smart watches, designer leather strap watches, digital watches and other types of watches online ...",Phone number not found
Buy Wrist Watches Online for Boys & Girls,https://www.fastrack.in/shop/watches,"Shop stylish watches for boys and Girls at Fastrack. Buy Wrist Watches for men, women at best price. Shop now to avail ✓Free Shipping ✓EMI offers ...",Phone number not found
Buy Watches For Men Online at Best Price in India,https://www.sonatawatches.in/shop/mens-watches,"Get a wide variety of wrist watches for all. You can find watches for men, watches for women, and couple watches too. Check out our newest collections of trendy ...",Phone number not found
"Shop Luxury Mens Watches Online India, Karnataka, Buy ...",https://in.tornado.store/,"Tornado Watches are well-known for their precision and accuracy, making them a reliable choice for anyone who needs to keep track of time. The watches are ...",Phone number not found
